{"answers":{"request 001":{"relevance":[{"docId":2,"rank":1.0},{"docId":0,"rank":0.699999988079071},{"docId":1,"rank":0.30000001192092896}],"result":true},"request 002":{"docId":0,"rank":0.7540000081062317,"result":true},"request 003":{"result":false}}}